epoch,steps,training step,training data,training loss,training prec1,training prec5,training error1,training error5,validation step,validation data,validation loss,validation prec1,validation prec5,validation error1,validation error5
1,781,0.010236132618101855,0.002031424897275722,1.646686041553561,37.23191421254801,88.26624519846351,62.76808578745199,11.733754801536492,0.0062867881386143385,0.003093020931171004,1.6326085214614867,45.35,90.93,54.65,9.069999999999993
2,1562,0.008895593782393178,0.0007138359104014847,1.1326103070786606,59.138924455825865,95.6726152368758,40.861075544174135,4.327384763124201,0.006183733606034783,0.0032947837926779583,1.0947420141220092,61.83,96.87,38.17,3.1299999999999955
3,2343,0.00919961929321289,0.0006302743196182154,0.9255712903873868,67.13948463508322,97.34314980793854,32.86051536491678,2.656850192061455,0.006333146125647672,0.0034929597453706583,0.9525495280265808,67.51,97.87,32.489999999999995,2.1299999999999955
4,3124,0.009196354088191033,0.0006070146182129844,0.7825298743959272,72.78129001280409,98.05137644046094,27.218709987195908,1.9486235595390582,0.00643095696807667,0.0034981199130890476,0.7783688375473022,73.22,98.46,26.78,1.5400000000000063
5,3905,0.009218431770725226,0.0005667237099856329,0.6939020415961208,75.848271446863,98.5075224071703,24.151728553137005,1.492477592829701,0.0063928737761868035,0.003036623547790916,0.7573632174491882,73.77,98.3,26.230000000000004,1.7000000000000028
